# Речицкий уезд — экономические примечания (РГИА 1350-312-89, IMG_4842–4920): владельцы по каждому номеру плана.
# num = № по плану; parts = часть(и) плана; img = скан; owners = «владение …» (главные, через ;); also = прочие доли/части.
# Транскрипция по левой колонке таблиц; (?) — чтение неуверенное.
num	parts	img	owners	also
А	1	4842	Город Речица	купцы и мещане
В	1	4843	Градская выгонная земля (город Речица)	спором отведено городу из владения генерала Юдицкого
С	1	4846	Церковь Воскресения Христова (церковные сенные покосы на выгоне, священно- и церковнослужителей)	
D	1	4846	Церковь Воскресения Христова (церковные сенные покосы на выгоне, священно- и церковнослужителей)	
Е	1	4846	Церковь Воскресения Христова (церковные сенные покосы на выгоне, священно- и церковнослужителей)	
F	1	4846	Церковь Воскресения Христова (церковные сенные покосы на выгоне, священно- и церковнослужителей)	
G	1	4846	Церковь Воскресения Христова (церковные сенные покосы на выгоне, священно- и церковнослужителей)	
Н	1	4846	Церковь Воскресения Христова (церковные сенные покосы на выгоне, священно- и церковнослужителей)	
I	1	4846	Церковь Воскресения Христова (церковные сенные покосы на выгоне, священно- и церковнослужителей)	
К	1	4846	Церковь Воскресения Христова (церковные сенные покосы на выгоне, священно- и церковнослужителей)	
L	1	4846	Церковь Воскресения Христова (церковные сенные покосы на выгоне, священно- и церковнослужителей)	
1	1	4846	Староство Речицкое в пожизненном владении генерал-лейтенанта графа Иосифа Юдицкого	
2	1	4848	Писарь гродский Иван Солтан	
3	1	4849	Ксаверий и Адам Ивашкевичи	
4	1	4850	Коллежский регистратор Иван Зеленский	
5	1	4850	Викентий и Францишка Солтаны	ротмистр Станислав Солтан (с Викентием и Францишкой)
6	1	4851	Викентий и Францишка Солтаны; Викентий Велемовский (?)	
7	7	4851	Графиня Елена Потоцкая	плебания якимовская священника Василия Романовского; околичные шляхты
8	7	4855	Обозный Казимир Халецкий	
9	7	4855	Обозный Казимир, комиссар Тадеуш, ротмистр Павел Халецкие; подполковник Людвик Сестренцевич	
10	1	4855	Чешник Игнатий Шишка	плебания застенская (в Заспе)
11	1	4856	Сендзина (судьиха) Клара Приборина	
12	1	4856	Речицкий доминиканский кляштор	
13	1	4857	Судья земский Троян Прибора	
14	1	4857	Павел и Тадеуш Горбатовские; околичные шляхты	
15	1	4858	Коллежский асессор кавалер Степан Тыгинин	
16	8	4858	Чешник Игнатий Шишка	
17	1	4858	Каштеляничи Людвик и Алоизий Рокицкие	
18	1	4859	Генерал-адъютант Викентий, шамбелян Ксаверий, подкоморич Станислав Воловичи	часть Ивану Иордану
19	2,3	4861	Генерал-лейтенант граф Юдицкий	в местечке Лоеве часть мостовничему Игнатию Забелле
20	2,3	4866	Каштеляничи Людвик и Алоизий Ракицкие	в Сельце части страпчему Дионисию Козелу и ловчему Андрею Солтану
21	3	4872	Тайный советник Деростенсакин (Дербостенсахин)	
22	3	4873	Михаил и Тадеуш Павшевичи	
23	2	4874	Стражник Ян Оскирка	
24	2	4874	Кароль Прозор и жена его Людвика (Шуйская)	ротмистр Иосиф Букатый; ловчий (?) Иван Ястржембский
25	2	4875	Подстароста Игнатий Оскирка	
26	2	4875	Каштеляничи Людвик и Алоизий Ракицкие; Кароль Прозор и жена его Людвика (Шуйская)	
27	2	4876	Остроглядовский римскокатолический кляштор	
28	3	4876	Тайный советник Деростенсакин (Дербостенсахин)	в селе Белогороки чиншевые графини Елены Потоцкой
29	3	4877	Александр и Игнатий Грузевичи	
30	3	4878	Александр и Игнатий Грузевичи; Куприян Стоцкий	
31	3	4878	Кароль Прозор (Шуйский)	
32	3	4878	Кароль Прозор (Шуйский); подстолина Каролина Крушевская	
33	3	4878	Плебания или архимандрия Овруцкая	
34	4	4879	Шамбелян Иосиф Юноша	
35	4	4879	Брацлавский вице-губернатор Грохольский; тайный советник Деростенсакин	
36	4	4881	Казенное ведомство	
37	4	4881	Действительный тайный советник Яков Ефимович Сиверс	
38	4	4883	Действительный статский советник Иван Рожерсон	
39	4,5	4884	Действительный тайный советник Яков Ефимович Сиверс	
40	2	4888	Подстароста Игнатий Оскирка; судья Петр Прибора	
41	4,1,2	4888	Кароль Прозор и жена его Людвика (Шуйские)	
42	4	4890	Староство Настольское в пожизненном владении ротмистра Павла Колба	
43	4,5	4891	Судья земский Флориан Оскирка	в пожизненном владении Фомы Сохоцкого (фольварки Тупичизна, Бочиславцы, Новый двор)
44	4	4891	Адам Стоцкий	
45	5	4893	Ян и Рафал Обуховичи	
46	5	4893	Хорунжий Леопольд Оскирка	в селе Макановичи общее с чешником Станиславом Оскиркой
47	5	4894	Помещик Адам Стоцкий	в местечке Юревичи ксендзы кляштора ординского доминиканского (3 двора)
48	5	4896	Судья Станислав, ротмистр Игнатий, поручик Рафал, судья Михаил Жудровы; Антоний Третьяк; мозырский городничий Матвей Русецкий (наследница Антонина Мерлова); ротмистр Михаил Казарин	Михаил Прасковский; Игнатий и Иван Кондуши; вдова Каролина Крушевская
49	5	4898	Хорунжий Леопольд Оскирка; крайчий Бенедикт Прибора	
50	5	4898	Чешник Станислав Оскирка	
51	5	4898	Поручик Михаил Оскирка	
52	5	4900	Староство Загальское в пожизненном владении (графа) Станислава Буржинского	околичные шляхты
53	5	4901	Генерал-адъютант Амброжий Оскирка	
54	5	4901	Кляштор селецкий базилианский	
55	5	4902	Староство Мозырское в пожизненном владении Ивана Еленского	
56	6	4902	Валериан Вольский	
57	6	4903	Староство Суховицкое в пожизненном владении подкоморжего Константина Еленского	
58	6	4904	Судья Игнатий Горват	
59	7	4905	Иосиф, Ансельм, Иван, Пляцид, Рафал и Аполинарий Корсаки	Игнатий Горват; Флориан и Станислав Корсаки
60	7	4906	Судья Игнатий Горват	
61	6	4907	Мозырская римскокатолическая плебания	
62	6	4907	Статский советник Андрей Михайлов	
63	5	4909	Староство Багримовское в пожизненном владении полковника и кавалера Антония Оскирки	
64	5	4910	Полковник и кавалер Антоний Оскирка	
65	5	4912	Староста Иван Еленский, в пожизненном владении старостины Розалии Волбековой	
66	6	4913	Кляштор селецкий базилианский; староство Селецкое в пожизненном владении старостины Розалии Волбековой	
67	6	4913	Староство Суховицкое в пожизненном владении подкоморжего Константина Еленского	
68	6	4914	Староство Шицкое в пожизненном владении старосты Ивана Еленского	околичные шляхты
69	6	4915	Тайный советник Максим Алопеус	двор хорунжего Ивана Завистовского
70	6	4916	Генерал-майор Иосиф Еленский; тайный советник Максим Алопеус	
71	6	4916	Филип Обухович	
72	6	4916	Хорунжий и кавалер Иосиф Медешка	
73	6	4917	Хорунжина Христина Оскиркина	
74	6	4917	Писарева Елеонора Венцлавовичева	
75	6	4918	Действительный тайный советник Иван Остерман	
76	6	4919	Мостовничий Карл Вольский	
77	6	4919	Тайный советник Максим Алопеус	
