# Мозырский уезд — экономические примечания (РГИА 1350-312-89, IMG_4939–4993): владельцы по каждому номеру плана.
# num = № по плану; parts = часть(и) плана; img = скан; owners = «владение …» (главные, через ;); also = прочие доли/части.
# Транскрипция по левой колонке таблиц; (?) — чтение неуверенное. Буквенные участки города: Р/б/Q/d прочитаны неуверенно.
num	parts	img	owners	also
А	1	4939	Город Мозырь	мещане христиане и евреи; околичные шляхты
В	1	4941	Хутора и застенки, принадлежащие к городу Мозырю (город Мозырь)	
С	1	4942	Кляштора мужской и женский цистерцкие	село Кимбаровка
D	1	4943	Церковь великомученицы Парасковии (церковная земля города Мозыря)	
Е	1	4943	Мозырское войтовство в пожизненном владении маршала и кавалера Ивана Еленского	
F	1	4943	Судья Франтишек Ленкевич; околичные шляхты	
G	1	4943	Церковь Успения Пресвятой Богородицы (церковная земля города Мозыря)	
Н	1	4943	Околичные шляхты	околица Людин
I	1	4943	Монастырь красногорский базилианский	
К	1	4944	Церковь Рождества Пресвятой Богородицы (церковная земля города Мозыря)	
L	1	4944	Староство Маселовщизна казенного ведомства в пожизненном владении вдовы Реентовичевой	
1	1	4944	Ксендзы бернардины	
2	1	4944	Ксендзы цистерцы	
3	1	4944	Староство Мозырское казенного ведомства в пожизненном владении маршала Ивана Еленского	
4	1	4944	Маршал Иван Еленский	
5	1	4945	Казенное ведомство (деревня Литвиновичи)	
6	1	4945	Староство Мозырское казенного ведомства в пожизненном владении Розалии Волбековой	
7	1	4945	Церковь Спаса Преображения Господня (церковная земля города Мозыря)	
8	1	4945	Церковь Спаса Преображения Господня (церковная земля города Мозыря)	
О	1	4945	Околичные шляхты	околица Наровщизна
Р (?)	1	4946	Подкоморий Станислав и писарь Игнатий Ленкевичи	
б (?)	1	4946	Спорная земля города Мозыря, купцов и мещан	
Q (?)	1	4946	Коллежский асессор Михаил Дробицкий (?)	
d (?)	1	4946	Судья Францишек Ленкевич	
9	1	4946	Околичные шляхты	
10	1	4946	Околичные шляхты	
11	1	4946	Околичные шляхты	
12	1	4947	Церковь Михаила Архангела (церковная земля города Мозыря)	
13	1	4947	Церковь Спаса Преображения Господня	
14	1	4947	Церковь Николая Чудотворца	
15	1	4947	Скарбникова Марианна Обуховичева, в пожизненном владении от мужа	
16	1	4947	Героним Вильтинский; Михаил Чуйковский (?); подстолий Алексей Маевский; Антоний и Франтишка Маевские; Григорий Новиковский; шамбелян Викентий Ситайло; шляхетство околичное	
17	1	4948	Околичные шляхты	общее владение Елены Загорской, Ивана Загорского, Фомы Пёровича
18	1	4949	Богумила Ленкевичевна и вдова Станислава Ленкевича	
19	1	4949	Староство Борисовичское казенного ведомства	
20	1	4950	Староство Бунацкое (?) казенного ведомства	
21	1	4950	Околичные шляхты	околица Нестеровна
22	1	4950	Околичные шляхты	околица Ивановщизна
23	1	4950	Староство Мозырское в пожизненном владении маршала и кавалера Ивана Еленского	
24	1	4950	Судья Георгий Ленкевич; чешник Игнатий Шишка	
25	1	4951	Игнатий и Тадеуш Пневские	Констанция Олекская; Плоцкая; чешникова Бригида Людвика Рифальская; шамбелян Томаш Радеевский
26	1	4951	Чешник Игнатий Шишка	
27	9,3,1	4951	Маршал и кавалер Казимир Оскирка	
28	1	4954	Писарь Игнатий и подкоморий Станислав Ленкевичи; Григорий Новиковский	
29	1	4955	Каролина Сыцкая (?)	деревня Сероши
30	1	4955	Околичные шляхты	околица Кустовница
31	3	4955	Подстолий Ян Ленкевич	
32	3	4956	Регент Людвик и староста Станислав Третьяки	
33	3	4956	Стольник Станислав Потоцкий; судья Андрей Дубровский; стольник Францишек Трипольский; ловчанка (?) Магдалена Трипольская	
34	3	4957	Стольник и кавалер Иосиф Еленский	
35	3	4957	Маршал Казимир Оскирка	
36	3	4958	Ловчанка Магдалена Трипольская; стольник Станислав Потоцкий	
37	3	4958	Писарь Тадеуш Тельжинский	
38	3	4958	Подстолий Викентий Беневский (?); стольник Станислав Потоцкий; Карл и Магдалена Трипольские	
39	3	4958	Михаил Далкевич; Мартин Каминский; стольник Станислав Потоцкий; стольник Иосиф Прибаровский; войский Петр Толановский (?); ловчанка Магдалена Трипольская	
40	3	4959	Скарбник Бернард Стоцкий	
41	2,3	4959	Княгиня Аполония Потоцкая	
42	9	4964	Староство Багримовское во владении старосты и кавалера Антония Оскирки	
43	9	4964	Хорунжий Филип Обухович	
44	9	4964	Каштелян и кавалер Людвик Еленский	местечко Копаткевичи
45	9	4966	Кляштор хенский (?) мужской бенедиктинский; ротмистр Симон Богушевский (?)	
46	9	4966	Хорунжий Филип Обухович	
47	8	4967	Маршал, староста и кавалер Иван Еленский	скарбник Бернард Стоцкий (рудня Хойнская)
48	8	4968	Ловчий Доминик Богуш; шамбелян Иван Венцлавович	Иван и Дызма Богуши; хорунжина Франтишка Богушева
49	8	4968	Генерал-майор и кавалер Иосиф Еленский	
50	8	4968	Каштелян и кавалер Гедеон Еленский	
51	8	4969	Староство Хвостовичское во владении стражника и старосты Мартина Еленского (?)	
52	8	4969	Стольник Игнатий Обухович	
53	8	4969	Монастырь мужской грекороссийский Слуцкий Троицкий	
54	8,9	4970	Старостичи Иосиф и Александр Ходкевичи	местечко Петриков; плебания римскокатолическая (Петриков); околичные шляхты; генерал Иосиф Загурцаба (?)
55	9	4972	Плебания петриковская римскокатолическая	
56	2,3,4	4973	Действительный тайный советник и кавалер Яков Ефимович Сиверс	полковник Мансуров (Мансура) (село Симоновичи)
57	2,4,5,6,9	4974	Генерал-майор и кавалер граф Иван Антонович Сологуб	староста хойницкий (?) Иван Потоцкий; полковник Мансура (местечко Турово); околичные шляхты
58	4	4978	Полковник Мансура	
59	4,5,6	4979	Воевода князь Иосиф Радзивилл	местечко Давид-Городок: доктор Иван Вольтман (?), пробощ ксендз Иосиф Михайловский (плебания давидгородская римскокатолическая), Григорий Нехлебов (?); шляхтич Петр Вилямовский; малолетние Карл, Людвик и Анна Достоевские; Иван Потоцкий; околичные шляхты
60	4	4981	Плебания высоцкая римскокатолическая	
61	5	4981	Судья Андрей Ленкевич	
62	5	4981	Околичные шляхты; шляхтич Антоний Полховский; Адам Чеплевский	
63	5	4981	Околичная шляхта; шляхтич Мартин Желиговский	Михаил Норицкий
64	5	4982	Полковник Мансура; околичные шляхты	
65	5	4982	Шляхтичи Игнатий Ваксович, Фома Героляд; малолетние Карл, Людвик и Анна Достоевские; Карл Корева; Михаил Мрочковский; подпоручик Петр Уставщиков (?); Франтишек Трасовский (?); Иосиф с братьями Штипановичи (?); Иосиф, Матвей и Фердинанд Ромуды; чешник Иван Комарницкий; околичные шляхты	
66	6	4983	Ротмистр Михаил Киневич; князья малолетний Доминик и воевода Иосиф Радзивиллы; шляхтичи Иосиф, Матвей и Фердинанд Ромуды	
67	6	4983	Князь Иосиф Радзивилл	
68	5,6	4983	Староста хойницкий (?) Иван Потоцкий	
69	5	4984	Староста калинский (?) Михаил Норицкий	
70	5	4984	Князь воевода Иосиф Радзивилл	
71	6	4984	Маршал, староста и кавалер Иван Еленский	
72	6,7,8	4985	Малолетний князь Доминик Радзивилл	Иван Комарницкий; шамбелян Иван Герлович; чешник Иван Комарницкий; староста калинский Михаил Норицкий; шляхтич Фердинанд Ромуд; околичные шляхты
73	8	4990	Плебания князьозерская грекороссийская	
74	7	4990	Монастырь Морочский Успенский мужской грекороссийский	
75	7	4990	Генерал-майор и кавалер Антоний Воеводский	
76	6,7	4990	Шамбелян Иосиф Щит	местечко Кожан-Городок; двор деревни Доминика Радзивилла (7 дворов)
