# Бобруйский уезд — экономические примечания (РГИА 1350-312-89, IMG_4767–4822): владельцы по каждому номеру плана.
# num = № по плану; parts = часть(и) плана; img = скан; owners = «владение …» (главные, через ;); also = прочие доли/части.
# Транскрипция по левой колонке таблиц; (?) — чтение неуверенное.
num	parts	img	owners	also
А	1	4767	Город Бобруйск	мещане; шляхетство; плебания католическая бобруйская
В	1	4770	Градская выгонная земля города Бобруйска (мещане и шляхта)	
С	1	4771	Околичные шляхты (внутри градской выгонной земли, околица Устоина)	
d	1	4772	Церковная земля костела фары римскокатолической	церковь грекороссийская Успения; Симон Осмоловский (губернский секретарь)
f	1	4772	Церковь Николая Чудотворца	
1	1,2	4772	Староство Бобруйское в пожизненном владении принцессы де Монако	
2	5	4775	Помещица Прасковья Венцлавовичева (подарено в вечное владение помещику Игнатию Каменскому)	
3	5	4775	Генерал-поручик польских войск и кавалер Иосиф Юдицкий; Павел Шипило; Анна Вильчинова	
4	5	4777	Возный Михаил Волк	
5	5	4778	Помещик регент воловицкий (?) Богуслав Пентковский	
6	5	4778	Помещик минский хорунжий Степан Быковский	в общем владении с помещиком Самуилом Волком
7	2	4779	Помещики Николай, Лука, Степан, Андрей Абрамовичи; околичное шляхетство	
8	1	4780	Шамбелян Фома Гриневич	
9	1	4780	Помещица Каролина Венцлавовичева; хорунжий Александр Азулевич	
10	1	4781	Плебания римскокатолическая бобруйская	
11	7	4781	Помещики Доменик и Федор Верпши; Гилярий Сташевский	
12	7	4782	Девица Марьяна Войзбанова; сестра ее панна Немчиновичева	
13	7	4782	Стражник Гиполит Войзбун	
14	7	4782	Стражник Станислав Войзбун	в общем владении с помещиком Гиполитом Войзбуном
15	1,7	4783	Староство Любоничское в пожизненном владении старосты любоничского кавалера Павла Лежского	в местечке дворы Ивана Харевича
16	1	4784	Мостовничий речицкий Казимир Зборомирский; околичная шляхта	
17	1	4785	Речицкий стражник Александр Леонович	
18	1	4785	Генерал-майор Иван Ламб	
19	1	4786	Малолетний князь Доменик Радзивилл	
20	2	4786	Бывший речицкий маршал Михаил Прушановский	в Радуше часть Франтишка Немчиновича
21	2	4787	Бывший асессор минской губернии Онуфрий Оскирко	
22	3	4788	Адмирал Пущин	
23	3	4790	Принцесса Софья Делинг (?)	
24	3	4790	Плебания римскокатолическая бобруйская	
25	3	4791	Генерал-майор Иван Ламб	
26	3	4791	Действительный статский советник Сергей Лошкарев	
27	3	4792	Ротмистрша Анна Вольская	
28	3	4792	Хорунжий Казимир Вольский	
29	3	4792	Староста Станислав Вольбек	
30	3	4792	Староство Нестановицкое во владении судьи Станислава Еленского	
31	3	4793	Староство Грабиное (?) во владении писаря Игнатия Ленкевича	
32	3	4793	Староство Бобруйское в пожизненном владении принцессы де Монако	
33	3	4794	Помещик Михаил Пузына	
34	3	4794	Шамбелян Винцентий Узловский	
35	4	4795	Шамбелян Антоний Комар	
36	4	4796	Генерал польских войск кавалер Иосиф Вишинский	в общем владении с Бардановским; Ян и Богуслав Красинские; околичная шляхта; Клецкий (?)
37	4	4797	Князь Доменик Радзивилл	
38	4	4797	Помещик Александр Красинский	
39	4	4798	Помещики Ян и Богуслав Красинские	в общем владении с Франтишком Грабовским и Иосифом Вольбеком
40	4	4798	Монастырь слуцкий грекороссийский Троицкий	
41	4	4799	Монастырь слуцкий грекороссийский Троицкий	
42	4	4799	Бывший трокский (?) подсудок слуцкий Николай Быковский	
43	4	4799	Старостич Феликс Володко	
44	4	4800	Шамбелян Антоний Малиновский	
45	5	4800	Подстолий гродненский Людвик Дашкевич	
46	5	4801	Судья гродский речицкий Феликс Рудницкий	
47	4,5,6	4801	Малолетний князь Доменик Радзивилл	в общем владении с церковью слуцкой Воскресенской и монастырем слуцким Троицким
48	5	4805	Чашник Игнатий Солтан	
49	6	4806	Помещик Никодим Пузына	
50	6	4806	Литовский подкоморий Игнатий Келчевский	
51	6	4806	Ротмистр Игнатий Бонша	
52	6	4806	Помещик Михаил Новосельский; шляхтич Иосиф Тарасевич; околичная шляхта	
53	7	4807	Подсудок бобруйский Игнатий Узловский	
54	7	4807	Поручик польских войск Фаддей Шишка	
55	7	4807	Помещик Тадеуш Мурашко	
56	7	4808	Генеральша Варвара Забелова	
57	7	4811	Польский бригадир Яков Есман	
58	7	4811	Минский судья земский Иван Павлиновский	
59	7	4812	Генерал-майор российских войск Жегулин	
60	7	4813	Помещик Антоний Гонсовский; речицкий земский президент Михаил Спорин	
61	7	4813	Генерал-майор российских войск Иван Вязмитинов	
62	7	4814	Плебания униатская церкви Николаевской	
63	1	4814	Судья земский кавалер Иван Келчевский	в общем владении с Иосифом Прушановским, Александром Леоновичем, Фаддеем Строновским и околичной шляхтой
64	1	4817	Бобруйский судья Иосиф Прушановский	
65	1	4817	Подкоморша Виктория Дерналовичева	
66	1	4817	Помещики Тадеуш, Антоний, Феликс, Иван, Игнатий Мурашки; Антоний Булгак	
67	2	4818	Шамбелян Фома Гриневич	
68	2	4818	Речицкий городничий Феликс Прушановский	
69	2	4819	Судья земский кавалер Иван Келчевский	в общем владении с писарем гродским речицким Гавриилом Маргевичем
70	2	4819	Отставные майор Николай и поручик Анатолий (?) Булгаковы	
71	2	4819	Генерал-майор российских войск кавалер Семен Жегулин	
72	2	4820	Подстолий речицкий Иван Халецкий	
73	2	4820	Ротмистр Адам Рогов (?)	
74	2	4821	Генерал-аншеф Дурнов; монастырь униатский Казимировский	
