# Пинский уезд — экономические примечания (РГИА 1350-312-89, IMG_5013–5082): владельцы по каждому номеру плана.
# num = № по плану; parts = часть(и) плана; img = скан; owners = «владение …» (главные, через ;); also = прочие доли/части.
# Транскрипция по левой колонке таблиц; (?) — чтение неуверенное.
num	parts	img	owners	also
А	1	5013	Город Пинск	мещане; иностранцы; шляхта околичная и чиншовая; плебания униатская; кляшторы доминиканский, кармелитский
В	1	5015	Незаселенная градская выгонная земля (город Пинск)	
С	1	5015	Монастырь базилианский Лещинский	
d	1	5016	Ксендзы бенедиктины кляштора Городецкого (пашенная земля)	
c	1	5016	Боголепский монастырь (земля прежде бывшей соборной церкви)	
f	1	5016	Князь Станислав Понятовский (поезуитское)	
з	1	5016	Ксендзы францисканы (пашенные земли)	
h	1	5016	Шамбелян Александр Скирмунт (пашенная земля деревни Козаков)	
i	1	5016	Бутримович (пашенная земля)	
k	1	5017	Шамбелян Александр Скирмунт	
l	1	5017	Спорная земля: город из владения князя Репнина	
m	1	5017	Спорные места между городом и фольварком Дворец (Галев) помещика Белявского	
n	1	5017	Между городом и вышепоказанным фольварком (Дворец помещика Маврикия Белявского) и деревней (выгон Скотицкий)	
o	1	5017	Между городом и владением базилианского монастыря	
Р	1	5017	Между городом и деревней, крестьянская владения князя Репнина	
1	1	5018	Генерал-майор и кавалер Исаев	
2	1	5018	Монастырь базилианский	часть земли Маврикию Белявскому и кляштору доминиканскому пинскому
3	1	5018	Михаил Огинский	
4	1	5019	Генерал-майор Исаев; Михаил Радзевич; Леопольд Орешко; Агафья Булакова; Тимофей Скирмунт; монастырь базилианский	
5	1	5019	Игнатий Красицкий; Томаш Каминский	
6	1	5019	Шамбелян Александр Скирмунт; Иван с братьями Скирмунты; монастырь базилианский; Леопольд Орешко; Франтишек Пусловский	Александр Кошевич; Иван с братьями (Пятино)
7	1	5020	Воевода Ксаверий Хоминский	
8	1	5020	Судья земский Михаил Сейхард	
9	1	5020	Игнатий с братьями Ширмы	
10	1	5021	Князь Николай Васильевич Репнин; плебания грекороссийская Стахская; Франтишек Неслуховский; Михаил Сейхард	
11	1	5021	Франтишек Пусловский	
12	1	5021	Ксаверий Хоминский; Адам Скирмунт	
13	3	5022	Граф Игнатий Красицкий	
14	3	5023	Монастырь женский базилианский; околичные шляхты; староство Држеловицкое (Высоцкое) во владении Михаила Красицкого	
15	3	5023	Казимир Спешинский	
16	3	5023	Кляштор бенедиктинский мужской Городищенский; околичные шляхты; генерал-майор Исаев	
17	3	5025	Генерал-майор Исаев; кляштор пинский францисканский мужской; Иван Туркинович; монастырь базилианский Лещинский; околичные шляхты; Михаил Плесковицкий	староство Сошицкое (казна, в аренде)
18	3	5025	Казимир Свешинский (?)	
19	3	5025	Околичное шляхетство	староство Вылазское (казна)
20	3	5026	Михаил Плесковицкий	
21	3	5026	Павел Кочоновский (?); Федор Комар; …рия Шоломицкая; околичное шляхетство	
22	3	5026	Генерал-майор Исаев; Михаил Плесковицкий	
23	3	5027	Антоний Колба; Героним Кочоновский; староство Кривосельское (Адам Скирмунт); околичное шляхетство	
24	3	5027	Староство Кривосельское; Агафья Радзиевичева	
25	3	5028	Генерал-майор Исаев; Павел Орда; околичная шляхта	
26	3	5028	Антоний Плотницкий; Агафья Радзевичева; Павел Лосицкий; Тимофей Скирмунт; староство Кривосельское (Адам Скирмунт); околичные шляхты	
27	3	5029	Матвей Бутримович	
28	1	5029	Кляштор Пинский францисканский	
29	1,3	5029	Староство Кривосельское или Плещицкое (Адам Скирмунт); Тимофей Скирмунт; Викентий Лязданский; Антоний Гетройц; Иосиф Плотницкий; генерал-майор Исаев; околичное шляхетство	
30	5	5030	Судья Тимофей Скирмунт	
31	1	5030	Франтишек Понятовский; Пинский доминиканский кляштор; околичные шляхты	
32	1	5031	Антоний Михайловский; околичные шляхты	
33	1,5	5031	Князь Николай Васильевич Репнин; Феликс Абрамовский; Иван, Игнатий, Григорий и Агафья Дубенецкие; действительный статский советник Харитон Зуев	
34	1	5031	Монастыри женский и мужеский Лещинские базилианские; Радзенский (?)	
35	1	5032	Князь Николай Васильевич Репнин	
36	1	5032	Антоний Гетройц; староство Сачковицкое во владении Ивана Пуховского (?); околичные шляхты	
37	1	5032	Староста Павел Колба	часть монастыря базилианского; околичные и чиншовые шляхты
38	1	5033	Игнатий Красицкий	часть Ивана Пуховского (?)
39	1	5033	Варвара Стаховская (?)	
40	1	5033	Богуслав Крашевский	часть генерал-майора Исаева
41	1	5034	Князь Николай Васильевич Репнин	части Иосифа Горницкого и Ивана Семашки
42	1	5034	Генерал-майор Исаев	часть Михаила Леоновича
43	1	5035	Маршал Семен Скирмунт	
44	1	5035	Кляштор Пинский францисканский	
45	1	5035	Михаил Радзевский	части Петра Твердовского и подстолия Короля Стровинского
46	1	5036	Староство Пултараковское во владении Леоноры Ивашкевичевой	
47	1	5036	Петр Твердовский	
48	1	5036	Местечко Логишин, владения мещан	околичные шляхты; парафиальный кляштор римскокатолический Логишинский
49	2	5037	Князь Николай Васильевич Репнин	
50	1,2	5037	Воевода Ксаверий Хоминский	князь Репнин (3 двора)
51	3	5038	Казимир Спешинский	
52	3	5039	Монастыри базилианские мужеские Цепренский (?) и Новодворский; парафия логишинская римскокатолическая; плебания логишинская	
53	2,3	5039	Князь Франтишек Любецкий	части кляштора римскокатолического Городищенского и Михаила Плесковицкого
54	2,3	5042	Майор Богацкий	
55	2,3	5043	Игнатий Тизенгаузен	
56	3	5044	Монастырь Дятловицкий грекороссийский мужеский	
57	4	5044	Иосиф Щит с братом Христофором	
58	4	5045	Иосиф Радзивилл	
59	4	5046	Антоний, Павел, Игнатий и Самуил Олешы; Фома Цимержинский	
60	4	5046	Тимофей Радивонович	
61	4	5046	Регент Каэтан Корженевский; Осип Некраш; Павел Ширма; Иосиф Радзивилл	
62	4	5048	Староста Иван Потоцкий	
63	4	5048	Франтишек Кохановский; Викентий Любанский с братьями; Петр Ширма; Александр Комар; околичные шляхты	
64	4	5049	Владислав Карпович; околичное шляхетство	
65	4	5049	Шляхтич Иван Гонкевич; околичное шляхетство	
66	4	5049	Франтишек Скоковский; староство Плещицкое во владении Леопольда Орешки; околичные шляхты; Иосиф Веренич	
67	3	5049	Староство Бережитское во владении Адама Скирмунта; околичные шляхты	
68	3	5050	Александр Колба; монастырь Лещинский базилианский; Марианна Польховская; староство Вольпицкое во владении Польховской; Федор Шоломицкий; околичная шляхта	
69	4	5050	Михаил Плесковицкий	
70	4	5050	Околичные шляхты	
71	4	5051	Иван Протасевич; околичное шляхетство	
72	4	5051	Иван Скирмунт	
73	4	5051	Подполковница Клугина	часть монастыря Пинского женского базилианского
74	4	5052	Адам Скирмунт	спорное староство Ситницкое
75	4	5052	Василий Бабищевич; Михаил Корженевский; Федор Плотницкий; Иван Скирмунт; Адам Яцынич; староство Плотницкое во владении Анны Яцыничевой; околичное шляхетство	
76	4	5053	Местечко Городно, владения мещан	
77	4	5053	Князь Николай Васильевич Репнин	
78	4	5054	Самуил и Иван Радзевичи; Михаил Будзинский	
79	4	5054	Михаил Батятка; Доминик Орда; околичные шляхты	
80	4	5055	Подстароста Матвей Бутримович	
81	4	5055	Стражник Павел Орда; подполковница Клугина; Михаил Корженецкий; князь Николай Васильевич Репнин; околичные шляхты	
82	4	5056	Монастырь Лещинский базилианский мужеский	
83	4	5056	Михаил Корженецкий; околичные шляхты	
84	4,5	5057	Князь Николай Васильевич Репнин; Федор Аларт; Петр Ширма; околичные шляхты	
85	4	5057	Ротмистр Самуил Римонт (?)	
86	5	5057	Петр Ширма	
87	5	5058	Староство Ладорожское во владении Анны Нелюбовичевой	
88	4,5	5058	Князь Николай Васильевич Репнин; Анна Гайсовская; Феликс Дубенский; Михаил Корженецкий; монастырь женский базилианский; околичные шляхты	
89	5	5058	Майорша Богумила Нелюбовичева; князь Николай Васильевич Репнин; Михаил Хондзинский; подполковник Лобаржевский	подполковник Рылеев (дворовые люди в местечке Погост)
90	5	5059	Мартин Михаловский	
91	5	5059	Петр Заборовский	
92	5	5059	Станислав Годебский	
93	5	5060	Подполковник Карл Гердорф	часть монастыря Пинского мужеского
94	5	5061	Князь Николай Васильевич Репнин	
95	5	5061	Кляштор мужеский бенедиктинский	часть монастыря заграничного Тороканского
96	5	5061	Томаш Терлецкий	
97	5	5062	Петр Терлецкий	
98	5	5062	Лаврентий Михайловский	
99	5	5062	Виктория Терлецкая	
100	5	5062	Викентий Терлецкий; подполковник Лобаржевский; староство Лохницкое во владении Бенедикта Годлевского	
101	5	5063	Действительный статский советник Харитон Зуев	
102	5	5064	Аполинарий Орда	часть Харитона Зуева
103	5	5064	Павел Орда	
104	5	5065	Кляштор римскокатолический любешовский (пиарский)	
105	1,5	5065	Фелициана Чернецкая с детьми; малолетний князь Доминик Радзивилл	части монастыря капуцинского, кляштора любешовского и кляштора доминиканского Каменно-Каширского; околичные и чиншовые шляхты
106	5	5068	Каштелян Казимир Маковецкий	
107	5	5068	Кляштор пиарский римский	
108	1	5068	Князь Доминик Радзивилл	
109	1	5068	Староство Сваловицкое во владении хорунжего Владимира Чернецкого	
110	5	5069	Подстолий Король Стравинский	
111	5	5069	Местечко Небель, владения мещан	
112	5	5070	Федор Радзевич	
113	1	5071	Франтишек и Игнатий Корженецкие	
114	1	5071	Феликс Абрамовский; околичные шляхты	
115	1	5071	Действительный статский советник Харитон Зуев	
116	1	5072	Федор Андреевич (?)	
117	1	5072	Князь Николай Васильевич Репнин; генерал-майор Исаев; монастырь Лещинский базилианский; Федор Андреевич	
118	1	5074	Капитан Фома Орешко; Григорий Плотницкий; Игнатий Ляскович (?); Игнатий Длуховский; монастырь Лещинский базилианский	
119	1	5074	Игнатий Корженецкий	
120	1	5075	Игнатий Будзинский	
121	1	5075	Кунегунда Борейшина	часть генерал-майора Исаева
122	1	5075	Король Стравинский	
123	1	5076	Клара и Розалия Чапличевы	
124	1	5076	Игнатий и Петр Ширмы	
125	1	5077	Войтех Бартновский (?)	
126	1	5077	Леон Лесневский; Иосиф Чемеринский; околичные шляхты	
127	1,2	5077	Судья Иван Венгрецкий; Семен Скирмунт; Томаш Вишневский; Король Стровинский; Леон Невинский; околичные шляхты	
128	1,2	5079	Гетман Михаил Огинский	
129	2	5081	Князь Николай Васильевич Репнин	часть плебании униатской Святовольской
130	2	5081	Полковница Козлянинова	
